"Summary level","Program label","Program","Sub-program","Name","Code","Subsidized units available","# Occupied Units","% Occupied","# Reported","% Reported","Average months since report","% moved in past year","Number of people per unit","Number of people: total","Average Family Expenditure per month ($$)","Average HUD Expenditure per month ($$)","Household income per year","Household income per year per person","% No Income","% $1 - $4,999","% $5,000 - $9,999","% $10,000 - $14,999","% $15,000 - $19,999","% $20,000 - $24,999","% $25,000 - $29,999","% $30,000 - $39,999","% $40,000 or more","% Households where wages are major source of income","% Households where welfare is major source of income","% Households with other major sources of income","% of local median (Household income)","% low income","% very low income","% extremely low income","% 2+ adults with children","% 1 adult with children","% Children 0-5","% Children 6-12","% Children 13-17","% No Children","% female head","% female head with children","% Female Head with children between 0-5yrs","% Households where Head or spouse/Co-head has a disability","% with disability, among Head, Spouse, Co-head, aged 61 years or less","% with disability, among Head, Spouse, Co-head, aged 62 years or older","% of households with any disabled member","% with disability, among all persons in households","% of Households where both head and spouse are younger than 62","% 24 years or less (Head or spouse)","% 25 to 49 years (Head or spouse)","% 51 to 60 (Head or spouse)","% 62 or more (Head or spouse)","% 85 or more (Head or spouse)","% Minority","%Black Non-Hispanic","%Native American Non-Hispanic","%Asian or Pacific Islander Non-Hispanic","%White Non-Hispanic","%Black Hispanic","%White Hispanic","%Other Hispanic","% Hispanic","% Multiple Race","Average months on waiting list","Average months since moved in","% with utility allowance","Average utility allowance $$","% 0 - 1 bedrooms:","% 2 bedrooms","% 3+ bedrooms","% Overhoused","% in poverty (Census tract)","% minority (Census tract)","% single family owners (Census tract)","Congressional District","CBSA","PLACE","Latitude","Longitude","State","PHA Total Units","HA category"
"3","Summary of All HUD Programs","1","N/A","AL Alabama","01","92548","80491","87","80639","100","6","14","2.2","174018","367","729","15933","7383","3","13","8","35","14","9","6","7","4","28","2","67","24","99","93","73","1","43","21","27","19","55","82","43","20","33","27","47","36","18","69","4","50","15","31","2","75","74","0","0","24","1","1","0","1","1","18","91","89","192","30","33","37","25","26","61","63","NA","NA","NA","NA","NA","AL","NA","NA"
"3","Public Housing","2","N/A","AL Alabama","01","28007","25907","93","25448","98","6","16","2.1","54522","335","635","16935","7904","3","13","9","33","13","9","6","8","6","32","2","63","26","98","89","70","2","42","23","26","16","56","81","42","21","33","26","49","35","18","72","6","49","17","28","1","69","67","0","0","31","0","1","0","1","1","14","92","93","139","29","37","34","24","29","57","61","NA","NA","NA","NA","NA","AL","NA","NA"
"3","Housing Choice Vouchers","3","N/A","AL Alabama","01","41496","33845","82","34388","100","6","10","2.5","84858","423","838","16642","6744","4","13","8","31","14","10","7","9","5","34","1","61","23","99","94","72","1","53","23","34","27","46","89","53","23","33","25","64","38","17","78","3","60","15","22","1","87","85","0","0","13","1","0","0","1","1","22","101","99","248","14","35","52","35","25","66","67","NA","NA","NA","NA","NA","AL","NA","NA"
"3","Summary of All HUD Programs","1","N/A","AK Alaska","02","7935","6870","87","7425","100","8","17","1.9","14165","608","907","24103","12634","2","9","5","8","31","15","8","11","13","26","3","70","25","99","94","73","6","24","13","18","14","70","65","25","10","45","41","49","47","26","59","3","40","17","41","2","55","13","24","11","44","1","4","2","7","10","27","84","55","121","48","34","18","19","14","49","41","NA","NA","NA","NA","NA","AK","NA","NA"
"3","Public Housing","2","N/A","AK Alaska","02","1244","1095","88","1096","100","10","16","2.7","2975","819","1087","37202","13705","1","4","4","7","24","12","6","9","34","42","3","55","35","93","79","56","15","35","20","32","26","50","72","41","15","32","25","45","37","15","65","2","49","13","35","2","69","10","38","13","31","1","5","3","8","10","12","89","30","98","37","24","39","7","14","56","39","NA","NA","NA","NA","NA","AK","NA","NA"
"3","Housing Choice Vouchers","3","N/A","AK Alaska","02","4998","4272","85","4777","100","8","17","1.8","8449","594","830","22090","12489","2","9","5","8","32","15","8","11","10","24","3","71","23","100","96","76","5","21","11","16","12","74","64","22","8","52","48","58","55","34","60","2","38","20","40","2","52","15","21","9","48","1","5","1","7","12","-1","85","69","126","46","39","15","26","14","47","42","NA","NA","NA","NA","NA","AK","NA","NA"
"3","Summary of All HUD Programs","1","N/A","AZ Arizona","04","41985","37420","90","39591","100","6","9","2.1","84898","418","1159","16816","7842","9","8","6","35","15","9","5","7","7","22","0","68","20","99","95","79","4","30","13","22","20","66","73","30","11","42","37","48","46","24","56","1","38","17","44","3","65","25","3","2","33","1","30","4","35","1","26","102","71","180","47","26","27","14","21","63","49","NA","NA","NA","NA","NA","AZ","NA","NA"
"3","Public Housing","2","N/A","AZ Arizona","04","3543","3215","91","3169","99","7","10","2.8","8787","487","636","21792","7859","8","10","7","29","11","6","5","10","15","38","1","54","25","96","88","70","7","44","20","33","32","48","80","46","17","32","22","55","38","15","70","1","50","19","30","2","83","17","7","2","17","1","53","2","56","1","36","112","83","173","26","26","48","16","27","73","49","NA","NA","NA","NA","NA","AZ","NA","NA"
"3","Housing Choice Vouchers","3","N/A","AZ Arizona","04","26748","23508","88","25402","100","6","8","2.3","58462","435","1381","16726","7268","12","8","6","33","13","8","5","7","8","24","1","63","20","99","95","79","3","35","14","25","23","62","74","35","13","51","40","73","57","28","66","1","44","21","34","1","67","31","3","1","33","2","30","1","33","1","25","108","82","201","39","29","32","18","19","61","50","NA","NA","NA","NA","NA","AZ","NA","NA"
"3","Summary of All HUD Programs","1","N/A","AR Arkansas","05","52339","42818","82","42547","99","6","16","1.9","79986","347","590","15019","7989","3","10","7","42","17","10","5","4","2","19","1","77","25","99","94","71","2","31","16","20","14","67","74","31","15","42","39","48","46","26","64","5","40","18","36","2","55","52","1","1","44","0","2","0","2","1","15","74","82","129","45","31","25","20","25","48","64","NA","NA","NA","NA","NA","AR","NA","NA"
"3","Public Housing","2","N/A","AR Arkansas","05","10137","9358","92","9344","100","6","20","1.9","17721","340","577","17461","9207","2","8","9","36","14","10","7","7","6","28","2","68","31","97","86","61","3","31","18","18","12","66","74","31","16","38","32","49","41","23","66","9","39","18","34","2","57","54","0","1","43","0","2","0","3","1","13","74","85","94","47","29","24","15","26","47","67","NA","NA","NA","NA","NA","AR","NA","NA"
"3","Housing Choice Vouchers","3","N/A","AR Arkansas","05","28725","21638","75","21346","99","6","12","2.1","44327","369","586","14856","7154","4","9","7","42","17","10","5","5","2","21","0","75","24","99","96","73","2","37","17","25","18","61","79","37","15","48","40","66","53","28","70","3","47","20","30","1","58","55","1","0","42","0","2","0","2","1","16","78","90","156","30","36","33","29","25","48","64","NA","NA","NA","NA","NA","AR","NA","NA"
"3","Summary of All HUD Programs","1","N/A","CA California","06","507349","449875","89","468317","100","6","6","1.9","909015","578","1689","22318","11498","3","5","4","37","13","11","7","7","12","22","9","65","19","99","96","84","4","20","8","14","14","75","69","21","7","42","33","50","45","26","48","1","30","17","52","7","73","28","1","16","25","1","23","4","29","1","28","155","79","133","51","29","19","14","18","73","41","NA","NA","NA","NA","NA","CA","NA","NA"
"3","Public Housing","2","N/A","CA California","06","22029","20819","95","20388","98","7","6","2.6","52270","667","698","28724","11204","2","4","5","29","12","9","7","10","22","37","13","48","25","98","90","73","8","34","14","25","25","58","77","36","12","32","20","54","39","17","63","1","43","19","37","3","88","29","1","6","12","1","50","1","52","2","62","168","94","127","26","38","35","15","25","82","42","NA","NA","NA","NA","NA","CA","NA","NA"
"3","Housing Choice Vouchers","3","N/A","CA California","06","365911","316630","87","331710","100","6","6","2","675713","606","1780","22750","11168","4","5","4","34","13","11","7","8","14","24","11","62","19","99","96","83","5","22","9","16","15","73","69","23","7","51","36","69","55","30","54","1","33","20","46","5","73","33","1","12","27","1","25","2","28","1","26","161","81","155","46","32","22","16","17","73","43","NA","NA","NA","NA","NA","CA","NA","NA"
"3","Summary of All HUD Programs","1","N/A","CO Colorado","08","63715","56780","89","57563","100","6","9","1.9","109466","435","1241","17446","9174","8","7","6","36","15","10","5","6","8","21","4","67","17","100","98","86","4","26","12","18","15","70","69","26","10","46","41","53","49","27","57","3","36","18","43","3","54","20","2","3","43","1","25","4","30","2","17","102","58","138","50","28","22","15","15","45","47","NA","NA","NA","NA","NA","CO","NA","NA"
"3","Public Housing","2","N/A","CO Colorado","08","6067","5781","95","5658","98","6","12","2.1","11678","434","648","18863","9139","5","8","6","37","13","8","5","7","10","24","4","66","20","99","95","82","5","31","15","22","18","64","71","32","12","49","37","65","52","27","59","3","40","16","41","3","65","21","1","3","35","1","38","1","41","1","14","102","32","122","50","23","27","9","18","51","50","NA","NA","NA","NA","NA","CO","NA","NA"
"3","Housing Choice Vouchers","3","N/A","CO Colorado","08","38494","33189","86","33929","100","6","6","2.1","69994","461","1441","17861","8658","10","7","6","33","14","9","6","7","9","24","4","61","17","99","97","86","4","30","13","21","18","66","70","30","11","52","43","70","55","29","66","3","42","21","34","2","56","23","2","1","44","1","26","2","29","2","19","112","74","153","40","33","27","20","14","45","48","NA","NA","NA","NA","NA","CO","NA","NA"
"3","Summary of All HUD Programs","1","N/A","CT Connecticut","09","84206","75399","90","76764","100","6","6","1.9","146232","543","1287","21304","11184","5","5","5","31","14","11","7","10","12","27","2","65","21","99","95","77","2","28","10","18","16","70","76","28","9","37","31","45","42","24","56","1","36","18","44","4","73","30","0","1","25","2","33","7","42","1","35","144","71","200","49","28","23","13","0","64","0","NA","NA","NA","NA","NA","CT","NA","NA"
"3","Public Housing","2","N/A","CT Connecticut","09","11753","11121","95","10940","98","7","8","1.9","20586","512","797","22156","11775","3","5","5","34","14","10","7","9","13","26","2","69","22","99","94","78","3","24","10","17","15","73","69","25","9","44","36","52","48","28","52","1","34","18","48","4","75","28","0","1","25","3","41","1","45","1","27","129","61","140","57","19","24","11","0","67","0","NA","NA","NA","NA","NA","CT","NA","NA"
"3","Housing Choice Vouchers","3","N/A","CT Connecticut","09","46882","39936","85","41167","100","6","4","2.2","88827","596","1435","22124","10253","7","6","5","29","12","10","6","10","15","34","2","56","21","99","94","76","2","35","12","22","21","63","83","35","11","41","29","68","47","25","69","1","45","23","31","2","79","37","0","0","21","3","39","0","42","1","41","168","89","232","34","34","31","18","0","66","0","NA","NA","NA","NA","NA","CT","NA","NA"
"3","Summary of All HUD Programs","1","N/A","DE Delaware","10","13186","11060","84","11556","100","7","9","2","23016","467","1041","19442","9762","6","7","4","30","15","11","8","10","9","28","2","63","22","99","95","75","2","33","14","23","18","64","78","33","13","35","31","40","37","20","57","3","39","14","43","3","78","69","0","1","20","1","4","2","7","1","40","110","67","155","47","26","27","15","22","64","28","NA","NA","NA","NA","NA","DE","NA","NA"
"3","Public Housing","2","N/A","DE Delaware","10","1678","1601","95","1602","100","6","9","2.3","3718","456","1098","23553","10148","6","9","5","27","10","8","7","10","18","42","3","49","25","98","87","68","4","41","16","29","23","55","80","42","15","43","31","73","45","21","72","3","50","19","28","1","92","86","0","0","8","1","4","0","5","0","35","125","44","164","38","22","41","14","26","72","22","NA","NA","NA","NA","NA","DE","NA","NA"
"3","Housing Choice Vouchers","3","N/A","DE Delaware","10","6057","4510","74","4816","100","8","8","2.2","10823","512","1073","19510","8681","9","6","4","28","13","10","7","11","10","32","2","56","21","99","95","75","1","42","16","28","24","57","83","41","15","42","31","65","46","23","67","4","47","17","33","2","86","79","0","0","14","2","4","0","6","1","43","122","88","172","29","34","37","26","20","65","29","NA","NA","NA","NA","NA","DE","NA","NA"
"3","Summary of All HUD Programs","1","N/A","DC District of Columbia","11","34553","27697","80","27848","100","9","15","2","54410","395","1586","19188","9821","12","3","12","31","11","7","4","7","13","25","10","53","15","99","97","87","1","31","10","18","16","67","75","30","10","28","20","41","32","18","60","2","39","19","40","3","97","92","0","2","1","2","1","1","4","0","14","359","51","167","45","32","23","15","22","78","8","NA","NA","NA","NA","NA","DC","NA","NA"
"3","Public Housing","2","N/A","DC District of Columbia","11","7446","5111","69","4740","93","15","8","1.8","8682","476","1552","21582","11783","11","3","9","34","11","7","4","6","16","26","6","57","17","98","95","83","1","22","6","12","15","77","70","22","6","34","22","49","38","22","57","1","35","21","43","2","99","95","0","1","1","2","1","0","3","0","-1","178","7","156","51","24","25","16","22","75","7","NA","NA","NA","NA","NA","DC","NA","NA"
"3","Housing Choice Vouchers","3","N/A","DC District of Columbia","11","16716","13584","81","14026","100","9","20","2.1","29733","346","1514","19382","9143","14","2","13","29","10","7","4","7","14","25","12","49","15","99","97","86","1","35","11","20","18","64","79","33","10","33","23","52","40","21","64","1","40","22","36","2","98","93","0","1","2","2","2","0","4","0","15","566","50","224","38","32","30","18","20","77","10","NA","NA","NA","NA","NA","DC","NA","NA"
"3","Summary of All HUD Programs","1","N/A","FL Florida","12","205176","180144","88","189570","100","6","8","2.1","399297","478","1392","18699","8878","4","7","6","39","14","9","6","8","9","24","0","71","22","99","94","78","2","32","13","21","18","66","78","32","12","36","28","47","42","23","53","2","37","14","47","5","83","51","0","1","16","2","27","2","32","1","33","123","88","162","44","28","28","15","22","68","44","NA","NA","NA","NA","NA","FL","NA","NA"
"3","Public Housing","2","N/A","FL Florida","12","22304","19688","88","19306","98","6","10","2.3","44246","460","779","19980","8718","3","8","7","36","12","8","6","9","11","31","1","65","23","98","92","74","2","39","17","27","21","59","80","39","16","37","23","57","42","21","60","2","44","14","40","4","86","60","0","0","14","2","22","0","25","1","37","115","87","136","39","28","33","13","26","69","47","NA","NA","NA","NA","NA","FL","NA","NA"
"3","Housing Choice Vouchers","3","N/A","FL Florida","12","130150","109826","84","118842","100","6","6","2.3","270651","538","1644","20232","8884","5","6","6","35","13","9","6","9","11","28","0","67","23","99","93","75","2","36","13","24","22","62","80","36","12","43","29","64","51","26","60","1","42","17","40","4","85","55","0","0","15","3","27","0","30","1","32","136","93","188","35","31","33","19","21","69","45","NA","NA","NA","NA","NA","FL","NA","NA"
"3","Summary of All HUD Programs","1","N/A","GA Georgia","13","135704","113062","83","116957","100","7","11","2.2","255139","403","999","16966","7777","6","9","7","35","14","9","6","8","6","29","1","65","22","99","95","77","1","41","17","26","21","58","81","40","16","32","24","45","36","18","64","3","46","15","36","2","87","84","0","1","12","1","1","0","2","1","20","104","84","180","36","31","33","19","25","70","54","NA","NA","NA","NA","NA","GA","NA","NA"
"3","Public Housing","2","N/A","GA Georgia","13","23777","21995","93","21702","99","7","13","2.2","48472","380","658","18526","8294","3","7","10","36","13","9","6","9","8","38","1","58","27","97","90","70","1","45","22","29","19","54","83","44","21","30","22","48","33","16","69","5","49","15","31","1","84","82","0","1","16","0","1","0","2","1","19","100","84","146","34","32","34","17","28","61","57","NA","NA","NA","NA","NA","GA","NA","NA"
"3","Housing Choice Vouchers","3","N/A","GA Georgia","13","70834","54636","77","58881","100","8","9","2.4","139250","458","1213","18223","7705","7","7","6","32","14","10","7","9","8","32","1","60","22","99","95","76","1","43","15","28","26","56","84","43","15","37","25","63","43","20","68","1","50","17","32","2","95","92","0","1","5","1","1","0","2","1","22","119","92","208","27","32","41","24","23","78","54","NA","NA","NA","NA","NA","GA","NA","NA"
"3","Summary of All HUD Programs","1","N/A","HI Hawaii","15","23624","19295","83","20000","100","6","8","2.4","47758","592","1388","23848","9987","2","6","6","29","14","9","7","10","17","33","3","61","20","99","96","81","12","22","15","23","19","65","67","28","10","38","30","47","41","19","54","1","35","17","46","4","80","3","1","64","19","1","3","8","12","14","28","132","69","226","46","28","26","11","17","84","43","NA","NA","NA","NA","NA","HI","NA","NA"
"3","Public Housing","2","N/A","HI Hawaii","15","4727","4065","86","3894","96","6","3","2.7","10399","625","614","25959","9721","1","6","7","30","13","8","6","10","20","38","4","57","20","99","94","80","17","21","15","25","23","62","65","27","10","42","25","62","46","19","55","1","33","21","45","5","88","1","1","79","12","0","3","4","7","2","36","173","72","159","39","25","36","12","25","89","28","NA","NA","NA","NA","NA","HI","NA","NA"
"3","Housing Choice Vouchers","3","N/A","HI Hawaii","15","14547","11567","80","12411","100","5","9","2.6","31798","625","1685","24701","9641","3","6","6","26","13","9","7","11","19","37","4","56","20","99","96","79","13","28","18","27","22","59","69","34","13","40","30","56","44","19","62","2","41","19","38","2","79","5","2","58","21","1","4","10","15","18","27","120","69","283","38","31","30","14","15","81","48","NA","NA","NA","NA","NA","HI","NA","NA"
"3","Summary of All HUD Programs","1","N/A","ID Idaho","16","12942","11165","86","11994","100","5","14","1.8","21229","433","808","17469","9870","4","4","4","40","19","13","7","7","4","18","0","78","24","100","97","75","5","22","11","17","12","73","71","23","9","56","56","56","58","36","55","2","36","17","45","3","18","4","2","2","81","0","9","2","10","1","20","84","89","101","46","35","19","23","15","23","58","NA","NA","NA","NA","NA","ID","NA","NA"
"3","Public Housing","2","N/A","ID Idaho","16","610","580","95","579","100","6","13","1.4","810","411","326","18849","13473","2","2","2","44","18","13","7","6","7","13","0","85","28","99","92","68","3","9","4","8","6","87","64","11","3","68","79","58","69","52","49","2","28","19","51","4","15","1","1","2","85","-1","11","1","11","1","14","92","84","57","79","13","8","4","13","27","60","NA","NA","NA","NA","NA","ID","NA","NA"
"3","Housing Choice Vouchers","3","N/A","ID Idaho","16","8065","6702","83","7515","100","5","14","1.9","14488","456","946","17811","9239","4","4","4","38","18","12","7","7","4","20","0","75","23","100","97","76","5","26","12","20","16","69","74","27","9","61","56","69","64","37","60","1","40","18","40","2","20","4","2","2","80","0","11","1","12","2","20","89","93","118","32","43","26","33","14","24","57","NA","NA","NA","NA","NA","ID","NA","NA"
"3","Summary of All HUD Programs","1","N/A","IL Illinois","17","231185","202644","88","203871","100","8","9","1.9","385815","416","1123","17154","9065","9","8","7","34","13","9","6","7","7","25","2","64","20","99","95","80","1","30","12","19","15","69","74","29","11","35","28","44","38","22","59","3","39","16","41","4","74","64","0","3","25","1","5","1","7","1","18","121","86","118","47","27","26","19","23","63","40","NA","NA","NA","NA","NA","IL","NA","NA"
"3","Public Housing","2","N/A","IL Illinois","17","40115","35033","87","34547","99","8","12","1.9","64655","373","1027","17624","9417","8","9","7","34","13","9","5","7","8","27","2","62","22","99","92","77","2","27","12","18","14","71","70","27","11","36","28","49","39","22","61","5","39","18","39","2","59","50","0","3","41","1","5","0","6","1","13","110","73","97","53","22","25","14","25","49","46","NA","NA","NA","NA","NA","IL","NA","NA"
"3","Housing Choice Vouchers","3","N/A","IL Illinois","17","118350","100284","85","100914","100","8","6","2.1","216140","459","1150","17941","8376","10","8","7","31","12","9","6","8","10","30","2","57","19","99","95","80","1","37","13","24","21","62","79","36","12","38","27","61","43","22","67","2","46","19","33","2","86","78","0","1","14","1","6","0","7","1","22","139","90","148","31","33","37","29","22","71","41","NA","NA","NA","NA","NA","IL","NA","NA"
"3","Summary of All HUD Programs","1","N/A","IN Indiana","18","89420","76942","86","72585","94","6","13","1.8","134190","360","717","14946","8084","8","10","6","36","16","10","6","6","3","19","1","72","21","99","96","78","2","31","16","20","13","67","74","31","15","41","36","48","43","25","62","5","40","17","38","2","46","41","1","1","53","1","2","1","3","2","19","82","76","162","51","30","19","14","22","41","59","NA","NA","NA","NA","NA","IN","NA","NA"
"3","Public Housing","2","N/A","IN Indiana","18","9908","8836","89","8290","94","6","18","2","16254","351","655","16812","8574","10","8","7","33","14","9","5","7","7","25","1","64","24","98","92","74","3","32","17","21","14","65","69","31","15","41","34","56","44","24","65","5","42","19","35","2","39","34","0","0","61","1","3","0","4","2","15","77","53","160","54","21","25","8","26","35","58","NA","NA","NA","NA","NA","IN","NA","NA"
"3","Housing Choice Vouchers","3","N/A","IN Indiana","18","46078","38351","83","34079","89","6","9","2.1","70766","388","734","15325","7380","9","10","6","34","15","10","6","6","4","23","1","67","20","99","96","78","2","38","17","25","18","61","79","37","16","45","34","69","49","26","70","3","48","19","30","1","53","50","0","0","47","1","2","0","3","2","21","92","83","210","34","37","28","24","22","43","62","NA","NA","NA","NA","NA","IN","NA","NA"
"3","Summary of All HUD Programs","1","N/A","IA Iowa","19","41324","34504","83","34877","100","6","16","1.7","58469","386","574","16175","9648","6","6","5","38","19","12","6","5","3","17","1","75","21","100","98","80","3","22","12","15","11","75","68","22","10","47","48","46","50","31","56","4","35","17","44","4","28","21","1","1","71","0","3","1","4","2","21","77","58","133","57","27","16","16","17","25","60","NA","NA","NA","NA","NA","IA","NA","NA"
"3","Public Housing","2","N/A","IA Iowa","19","3948","3759","95","3754","100","6","19","1.5","5811","390","385","19255","12439","4","5","5","33","17","12","8","9","7","22","1","73","26","99","91","68","3","17","9","12","8","80","63","17","8","42","46","39","44","30","51","4","29","18","49","5","15","9","1","1","85","0","4","0","4","1","9","70","29","185","73","14","13","5","17","19","67","NA","NA","NA","NA","NA","IA","NA","NA"
"3","Housing Choice Vouchers","3","N/A","IA Iowa","19","24398","19178","79","19160","100","5","13","1.9","35852","399","595","15875","8484","7","6","6","37","18","11","6","5","3","21","1","70","20","99","98","82","3","28","14","19","15","69","72","28","12","52","46","63","55","31","67","3","44","19","33","2","34","28","1","1","66","0","3","0","4","2","24","82","84","136","40","38","23","27","16","25","63","NA","NA","NA","NA","NA","IA","NA","NA"
"3","Summary of All HUD Programs","1","N/A","KS Kansas","20","35419","28447","80","28902","100","6","16","1.7","47695","376","648","16569","10041","6","6","5","37","18","12","7","6","4","17","1","72","23","99","95","75","2","22","11","14","10","76","68","21","10","42","45","40","44","28","54","4","34","17","46","4","37","27","1","1","60","1","5","1","7","2","15","84","67","139","59","24","17","15","18","37","63","NA","NA","NA","NA","NA","KS","NA","NA"
"3","Public Housing","2","N/A","KS Kansas","20","7802","6921","89","6867","99","6","17","1.6","11186","360","569","18918","11613","6","8","5","31","16","11","7","9","8","27","0","63","27","98","89","67","3","20","11","13","9","77","64","20","9","37","36","39","39","25","59","6","35","18","41","4","37","26","1","1","63","0","8","0","9","1","10","83","45","119","66","19","15","9","18","37","67","NA","NA","NA","NA","NA","KS","NA","NA"
"3","Housing Choice Vouchers","3","N/A","KS Kansas","20","15001","10705","71","11023","100","5","13","1.9","21240","407","715","16205","8410","8","6","5","37","17","11","6","6","4","20","1","65","21","99","96","79","2","30","14","21","16","67","73","29","12","50","44","62","54","30","65","3","43","19","35","2","48","38","2","1","51","1","6","0","7","2","19","102","87","173","37","37","26","29","17","40","61","NA","NA","NA","NA","NA","KS","NA","NA"
"3","Summary of All HUD Programs","1","N/A","KY Kentucky","21","83998","73448","87","75080","100","7","13","1.9","145074","367","692","16171","8369","7","11","7","38","15","9","5","5","4","21","2","70","23","99","95","77","3","32","16","20","14","65","74","32","14","43","35","57","46","25","65","5","41","18","35","2","37","34","0","0","62","0","1","0","2","1","12","87","66","163","43","33","25","18","26","31","59","NA","NA","NA","NA","NA","KY","NA","NA"
"3","Public Housing","2","N/A","KY Kentucky","21","19992","18037","90","17975","100","6","15","2","36010","449","586","21724","10844","5","10","7","35","13","8","6","8","8","29","3","63","32","97","88","68","4","32","17","21","14","64","72","32","14","39","31","55","42","22","67","6","41","19","33","1","34","32","0","0","66","0","1","0","2","1","12","93","36","194","42","30","27","17","29","28","57","NA","NA","NA","NA","NA","KY","NA","NA"
"3","Housing Choice Vouchers","3","N/A","KY Kentucky","21","39060","32439","83","33645","100","7","10","2.1","70960","366","763","15370","7288","10","9","7","36","14","9","5","5","3","22","2","65","21","100","97","80","2","38","17","24","19","60","78","37","15","46","35","72","51","26","71","4","48","20","29","1","46","44","0","0","54","0","1","0","2","1","13","96","84","191","28","39","33","28","24","36","61","NA","NA","NA","NA","NA","KY","NA","NA"
"3","Summary of All HUD Programs","1","N/A","LA Louisiana","22","94457","81263","86","81713","100","6","11","2.1","175249","377","816","15475","7215","5","11","8","38","13","9","5","6","4","27","1","67","23","99","93","73","1","41","19","26","19","58","79","40","18","36","27","55","41","21","67","4","47","15","33","2","87","84","0","0","13","1","1","0","2","0","24","97","91","147","33","30","36","24","32","71","57","NA","NA","NA","NA","NA","LA","NA","NA"
"3","Public Housing","2","N/A","LA Louisiana","22","15960","14516","91","14338","99","6","16","2.2","31025","348","608","16833","7779","2","11","11","36","12","9","6","7","6","34","1","62","28","97","89","68","2","43","23","27","18","55","81","43","22","34","22","61","38","19","69","7","48","14","31","1","83","81","0","0","17","1","0","0","2","0","18","89","86","88","33","31","36","21","35","66","60","NA","NA","NA","NA","NA","LA","NA","NA"
"3","Housing Choice Vouchers","3","N/A","LA Louisiana","22","59645","49303","83","49474","100","6","7","2.3","115380","411","906","15913","6824","6","11","8","36","12","10","6","7","5","31","1","63","23","99","93","73","1","46","19","29","24","53","83","45","19","40","28","73","46","22","74","3","54","17","26","1","92","90","0","0","8","1","0","0","2","0","28","109","96","175","22","34","44","31","30","74","56","NA","NA","NA","NA","NA","LA","NA","NA"
"3","Summary of All HUD Programs","1","N/A","ME Maine","23","27425","23207","85","22934","99","6","9","1.7","38115","468","1026","19250","11583","4","2","3","37","20","12","7","7","7","16","2","77","24","99","95","74","4","18","8","13","10","78","67","18","6","52","58","47","55","36","52","2","32","18","48","4","10","6","1","1","86","0","1","0","2","1","32","100","46","134","60","23","17","12","16","15","47","NA","NA","NA","NA","NA","ME","NA","NA"
"3","Public Housing","2","N/A","ME Maine","23","2787","2531","91","2283","90","6","8","2.2","4920","524","901","24496","11367","5","3","4","30","17","10","7","9","16","29","3","63","30","97","86","63","7","30","15","24","16","63","70","31","12","47","45","50","52","28","64","3","44","18","36","3","14","7","1","3","86","0","2","0","2","1","20","107","33","78","42","24","34","14","18","16","45","NA","NA","NA","NA","NA","ME","NA","NA"
"3","Housing Choice Vouchers","3","N/A","ME Maine","23","15639","12080","77","11926","99","5","8","1.7","20823","466","1077","18279","10469","6","3","3","39","18","11","7","7","6","17","2","75","22","99","96","79","4","21","8","14","12","76","67","21","7","63","60","66","66","42","61","2","37","22","39","2","11","6","1","1","89","0","2","0","2","1","34","105","59","150","54","27","19","15","15","16","48","NA","NA","NA","NA","NA","ME","NA","NA"
"3","Summary of All HUD Programs","1","N/A","MD Maryland","24","102353","91459","89","94431","100","7","10","2","190458","487","1352","20255","10043","6","7","6","33","13","9","6","9","12","27","5","63","19","99","96","81","2","33","12","21","19","65","76","33","12","41","35","50","46","26","61","2","43","17","39","4","81","75","0","3","17","1","2","1","3","1","57","119","75","197","45","28","27","14","18","68","29","NA","NA","NA","NA","NA","MD","NA","NA"
"3","Public Housing","2","N/A","MD Maryland","24","9260","8291","90","8203","99","9","11","2.1","17213","391","1392","17713","8441","4","13","10","33","10","8","5","8","9","26","15","55","18","98","94","82","2","41","18","26","18","57","78","40","17","41","31","67","46","24","73","3","52","18","27","2","83","80","0","1","17","1","1","0","2","1","28","148","23","128","34","37","29","17","36","74","18","NA","NA","NA","NA","NA","MD","NA","NA"
"3","Housing Choice Vouchers","3","N/A","MD Maryland","24","59684","53027","89","56152","100","7","9","2.3","128272","554","1476","22524","9860","7","6","6","28","12","9","6","10","17","33","4","55","20","99","94","77","2","40","14","26","24","58","81","40","13","44","34","68","51","26","70","1","50","19","30","2","85","79","0","1","15","1","2","0","4","1","62","128","91","231","33","31","36","18","15","68","30","NA","NA","NA","NA","NA","MD","NA","NA"
"3","Summary of All HUD Programs","1","N/A","MA Massachusetts","25","195871","182701","93","186275","100","7","6","1.8","342654","574","1689","23596","12827","3","3","6","31","14","11","7","9","15","26","6","65","20","99","95","81","2","23","9","15","14","73","72","23","8","43","39","46","46","28","52","1","32","19","48","6","59","20","0","6","38","4","23","6","33","1","31","147","63","154","50","28","22","14","19","52","27","NA","NA","NA","NA","NA","MA","NA","NA"
"3","Public Housing","2","N/A","MA Massachusetts","25","29512","27834","94","27682","99","7","6","1.8","50222","564","907","24583","13550","2","3","6","33","14","10","6","8","16","26","5","66","22","98","93","79","3","20","9","14","12","77","66","21","8","48","41","55","51","32","48","1","28","18","52","5","66","20","0","7","34","4","35","0","39","1","32","142","23","108","57","22","20","11","24","58","22","NA","NA","NA","NA","NA","MA","NA","NA"
"3","Housing Choice Vouchers","3","N/A","MA Massachusetts","25","100826","92714","92","96268","100","7","5","2","195656","607","1735","24212","11913","3","3","7","30","13","11","7","9","17","30","8","59","20","99","95","80","3","30","11","19","18","67","77","31","9","49","40","66","54","31","64","1","40","23","36","2","60","24","0","3","40","4","27","1","33","1","31","157","75","197","38","33","29","18","17","50","30","NA","NA","NA","NA","NA","MA","NA","NA"
"3","Summary of All HUD Programs","1","N/A","MI Michigan","26","146787","128123","87","128629","100","6","11","1.8","236223","390","797","15941","8680","6","9","5","39","16","10","6","6","4","18","1","75","21","99","96","78","2","28","14","19","13","69","73","28","13","43","39","49","47","27","57","3","37","16","43","3","57","52","1","1","41","1","2","1","4","2","28","96","76","132","52","27","21","14","25","50","56","NA","NA","NA","NA","NA","MI","NA","NA"
"3","Public Housing","2","N/A","MI Michigan","26","17156","14967","87","14626","98","6","14","1.8","26332","390","609","18049","10025","4","7","6","39","14","9","6","7","7","22","1","72","26","98","90","72","2","25","12","17","13","72","69","25","11","48","40","58","51","30","56","3","36","16","44","3","50","46","1","0","50","0","2","0","2","1","22","90","50","110","62","16","22","8","28","46","60","NA","NA","NA","NA","NA","MI","NA","NA"
"3","Housing Choice Vouchers","3","N/A","MI Michigan","26","67254","55684","83","55628","100","6","7","2.2","119961","423","858","16016","7427","9","8","5","36","14","10","6","7","5","22","1","67","20","99","96","79","2","38","16","26","20","60","77","37","15","48","38","73","54","28","72","2","48","21","28","1","69","64","1","0","31","1","3","0","4","2","31","107","83","181","33","32","34","25","25","55","59","NA","NA","NA","NA","NA","MI","NA","NA"
"3","Summary of All HUD Programs","1","N/A","MN Minnesota","27","92586","81765","88","84864","100","6","12","1.9","163629","449","884","18858","9780","4","7","6","34","16","11","7","8","8","23","7","66","20","99","97","81","4","25","13","18","15","71","69","26","10","45","42","49","47","26","59","3","38","17","41","4","50","40","3","4","48","1","2","1","4","3","22","94","65","107","58","23","19","9","17","37","47","NA","NA","NA","NA","NA","MN","NA","NA"
"3","Public Housing","2","N/A","MN Minnesota","27","14181","13542","95","13415","99","7","13","1.5","20362","411","515","19379","12767","4","7","5","39","15","9","6","8","9","22","4","70","23","99","92","76","3","12","6","9","8","85","57","13","5","48","42","53","49","34","46","4","27","15","54","5","46","36","2","4","54","0","3","0","4","1","14","94","20","145","81","7","12","3","20","36","48","NA","NA","NA","NA","NA","MN","NA","NA"
"3","Housing Choice Vouchers","3","N/A","MN Minnesota","27","39371","33538","85","36346","100","5","10","2.5","89279","505","1110","20024","8152","5","8","7","31","14","10","7","9","11","30","9","56","19","99","97","82","6","37","19","29","24","56","77","40","15","46","37","71","51","23","73","3","50","20","27","2","60","51","3","2","40","1","3","0","4","4","25","100","83","127","37","32","31","15","16","38","48","NA","NA","NA","NA","NA","MN","NA","NA"
"3","Summary of All HUD Programs","1","N/A","MS Mississippi","28","56893","49336","87","48945","99","6","12","2.3","111514","348","729","14769","6482","3","15","8","36","14","9","5","6","3","26","1","69","24","99","94","73","1","46","21","29","21","52","82","45","20","33","24","54","37","17","71","4","52","15","29","1","87","85","0","0","12","0","1","0","1","1","23","93","91","163","27","29","44","25","30","68","63","NA","NA","NA","NA","NA","MS","NA","NA"
"3","Public Housing","2","N/A","MS Mississippi","28","8387","7592","91","7524","99","6","14","2.2","16574","345","606","17077","7752","1","9","12","35","14","10","6","6","6","32","2","64","28","97","88","66","2","42","22","26","18","57","81","42","21","32","22","53","35","17","68","4","48","16","32","2","89","88","0","0","11","0","0","0","1","0","16","106","81","133","29","30","41","25","34","69","62","NA","NA","NA","NA","NA","MS","NA","NA"
"3","Housing Choice Vouchers","3","N/A","MS Mississippi","28","28731","23774","83","23210","98","6","8","2.5","59109","401","733","16024","6292","3","13","9","34","13","10","6","7","4","32","1","64","24","99","93","72","1","52","21","34","29","46","89","52","20","35","25","73","41","18","79","2","60","17","21","1","91","89","0","0","9","0","1","0","1","1","26","103","98","194","13","29","58","33","28","66","65","NA","NA","NA","NA","NA","MS","NA","NA"
"3","Summary of All HUD Programs","1","N/A","MO Missouri","29","93924","75826","81","76077","100","6","12","1.9","143515","375","749","15703","8324","10","6","5","37","16","10","6","6","4","20","1","69","21","99","96","79","2","30","14","20","15","68","74","30","13","41","37","46","44","25","60","4","40","17","40","3","54","50","1","1","44","1","1","1","3","1","27","89","79","162","46","29","25","20","22","45","59","NA","NA","NA","NA","NA","MO","NA","NA"
"3","Public Housing","2","N/A","MO Missouri","29","15524","13847","89","13548","98","6","17","1.9","25768","357","588","17980","9454","8","7","6","33","14","9","6","8","8","27","1","63","26","97","89","68","4","29","16","19","13","67","71","29","14","40","35","49","43","24","65","6","41","18","35","3","43","39","1","1","57","0","2","0","2","1","19","80","64","124","52","25","23","12","24","37","58","NA","NA","NA","NA","NA","MO","NA","NA"
"3","Housing Choice Vouchers","3","N/A","MO Missouri","29","48904","36468","75","37338","100","6","8","2.2","80640","402","814","15530","7191","13","6","5","35","15","9","5","6","5","23","1","63","19","99","96","80","2","39","16","26","22","60","81","38","15","45","36","68","50","25","70","2","49","19","30","1","62","59","1","0","38","1","1","0","2","1","33","104","92","198","26","38","36","32","21","49","63","NA","NA","NA","NA","NA","MO","NA","NA"
"3","Summary of All HUD Programs","1","N/A","MT Montana","30","14113","11432","81","11887","100","6","15","1.7","20017","391","789","16689","9911","6","6","5","36","19","11","6","6","4","20","1","72","23","99","96","75","4","22","11","15","11","74","67","22","9","47","45","49","49","31","56","4","35","17","44","3","21","2","13","1","78","0","3","2","5","4","20","79","49","121","52","31","17","18","18","18","56","NA","NA","NA","NA","NA","MT","NA","NA"
"3","Public Housing","2","N/A","MT Montana","30","1418","1292","91","1289","100","5","14","2.3","2992","454","609","21040","9064","8","7","6","26","14","10","6","9","14","39","1","52","26","96","86","66","7","44","21","30","20","50","73","42","16","36","28","62","40","19","74","6","54","15","26","1","26","2","19","1","74","0","3","1","5","3","16","80","40","120","31","35","35","15","16","19","62","NA","NA","NA","NA","NA","MT","NA","NA"
"3","Housing Choice Vouchers","3","N/A","MT Montana","30","7657","5743","75","6107","100","6","14","1.7","10355","398","877","16346","9640","8","5","5","36","19","11","6","6","4","20","1","70","22","99","96","77","3","22","10","15","12","75","67","22","8","53","47","61","55","35","60","3","37","20","40","2","21","2","13","1","79","0","4","1","5","4","21","87","76","130","43","38","18","27","17","18","54","NA","NA","NA","NA","NA","MT","NA","NA"
"3","Summary of All HUD Programs","1","N/A","NE Nebraska","31","28297","23272","82","23803","100","6","15","1.9","44060","430","647","18720","10113","6","5","5","32","18","12","7","8","7","24","1","69","23","99","95","75","4","25","13","18","14","71","69","26","11","44","43","46","46","27","59","4","39","17","41","3","38","27","2","1","60","1","6","2","8","2","15","101","56","152","52","26","22","17","17","36","62","NA","NA","NA","NA","NA","NE","NA","NA"
"3","Public Housing","2","N/A","NE Nebraska","31","6597","5810","88","5766","99","6","16","1.7","9773","414","494","21696","12801","8","5","4","27","14","11","7","10","12","29","1","61","28","97","86","65","4","19","10","13","11","77","63","20","9","37","36","40","39","25","61","5","38","18","39","3","36","25","2","1","64","0","7","1","8","3","11","76","23","190","68","14","18","7","15","31","67","NA","NA","NA","NA","NA","NE","NA","NA"
"3","Housing Choice Vouchers","3","N/A","NE Nebraska","31","14369","11083","77","11477","100","6","13","2.2","24975","471","758","18689","8589","6","5","5","32","19","11","8","9","7","28","2","64","22","100","97","78","5","34","17","25","20","61","75","34","14","50","43","65","54","27","67","2","47","18","33","2","48","38","2","1","52","1","6","1","7","3","19","134","89","153","30","37","33","29","18","41","61","NA","NA","NA","NA","NA","NE","NA","NA"
"3","Summary of All HUD Programs","1","N/A","NV Nevada","32","24578","21856","89","22444","100","6","6","2.2","48744","449","1161","17350","7989","10","8","5","34","14","9","6","7","8","22","1","67","21","99","94","79","3","34","13","23","21","64","73","34","12","45","35","60","50","26","61","1","40","19","39","3","70","50","1","4","29","2","11","2","14","3","26","147","84","157","37","32","31","22","21","67","41","NA","NA","NA","NA","NA","NV","NA","NA"
"3","Public Housing","2","N/A","NV Nevada","32","2376","2114","89","2108","100","8","8","2.4","5058","443","627","18818","7843","8","10","5","32","13","8","5","8","11","27","2","62","22","99","92","76","4","42","17","31","24","54","75","42","16","40","28","63","45","21","66","1","48","16","34","3","78","56","1","4","22","2","15","1","18","2","38","117","93","109","33","35","32","13","25","78","42","NA","NA","NA","NA","NA","NV","NA","NA"
"3","Housing Choice Vouchers","3","N/A","NV Nevada","32","17697","15671","89","16691","100","6","5","2.3","37607","473","1321","17860","7927","11","7","5","32","14","9","6","7","9","23","1","64","21","99","94","77","3","35","13","24","23","62","75","35","12","49","37","70","55","28","64","1","42","21","36","2","71","56","1","3","29","2","9","1","12","3","23","165","83","180","32","32","36","26","19","65","46","NA","NA","NA","NA","NA","NV","NA","NA"
"3","Summary of All HUD Programs","1","N/A","NH New Hampshire","33","22563","20225","90","16871","83","6","9","1.6","26994","503","820","22184","13865","2","2","2","28","20","15","10","11","9","16","2","80","23","99","96","76","2","18","8","12","9","80","70","17","6","49","60","41","51","35","45","1","28","16","55","6","15","4","1","1","83","1","8","1","10","1","43","111","48","126","66","20","13","8","10","19","43","NA","NA","NA","NA","NA","NH","NA","NA"
"3","Public Housing","2","N/A","NH New Hampshire","33","3455","3264","94","3113","95","6","8","1.6","5065","517","588","22983","14126","2","2","3","32","19","13","9","9","11","18","2","78","23","99","95","79","3","15","7","12","9","82","62","15","5","61","66","56","63","42","49","1","28","20","51","4","24","6","0","1","76","1","15","0","17","1","28","108","48","82","72","13","15","5","12","25","29","NA","NA","NA","NA","NA","NH","NA","NA"
"3","Housing Choice Vouchers","3","N/A","NH New Hampshire","33","12042","10286","85","6663","65","6","7","1.9","12801","512","754","22302","11609","4","2","3","29","19","12","8","12","11","23","3","71","22","99","96","77","3","29","12","19","16","69","73","28","10","59","56","65","62","36","63","2","40","21","37","2","19","5","0","1","81","1","12","0","13","1","52","138","73","158","47","31","22","13","9","20","45","NA","NA","NA","NA","NA","NH","NA","NA"
"3","Summary of All HUD Programs","1","N/A","NJ New Jersey","34","169445","153600","91","155716","100","6","7","1.9","291069","512","1308","21451","11476","3","5","6","32","14","10","7","10","12","26","2","69","21","99","95","79","3","23","9","16","14","73","73","23","8","33","29","38","37","22","50","1","32","17","50","6","76","41","0","4","23","3","22","5","30","1","39","129","72","117","57","24","19","11","20","71","28","NA","NA","NA","NA","NA","NJ","NA","NA"
"3","Public Housing","2","N/A","NJ New Jersey","34","25738","22719","88","22170","98","7","7","1.8","39026","515","860","23025","13080","3","4","5","35","13","9","6","9","14","27","1","68","23","98","92","77","2","21","8","13","12","77","69","20","6","41","33","48","44","27","49","1","29","18","51","5","81","48","0","1","19","3","28","1","31","1","38","156","32","102","56","25","19","13","25","78","19","NA","NA","NA","NA","NA","NJ","NA","NA"
"3","Housing Choice Vouchers","3","N/A","NJ New Jersey","34","90055","80124","89","82367","100","6","6","2.1","176653","556","1346","22571","10524","4","6","6","29","13","10","7","11","15","31","2","63","21","99","95","77","4","30","12","21","19","67","78","30","9","39","30","54","45","24","61","1","40","20","39","4","78","45","0","2","22","3","26","1","30","1","39","128","83","141","46","29","25","14","18","69","30","NA","NA","NA","NA","NA","NJ","NA","NA"
"3","Summary of All HUD Programs","1","N/A","NM New Mexico","35","27103","21143","78","20439","97","6","10","1.9","38933","376","710","15525","8150","4","8","7","43","15","9","5","5","3","21","2","72","24","99","94","75","3","28","13","19","16","68","71","28","11","48","40","59","51","29","58","3","36","19","42","3","71","6","7","1","28","1","54","3","58","1","19","97","67","116","45","30","25","19","24","67","55","NA","NA","NA","NA","NA","NM","NA","NA"
"3","Public Housing","2","N/A","NM New Mexico","35","4426","3997","90","3240","81","7","13","2.2","7277","389","496","18542","8256","5","7","10","35","12","8","6","8","9","33","3","59","29","96","86","67","6","36","18","26","20","58","73","37","14","41","31","64","46","22","68","5","46","18","32","2","76","4","10","0","24","1","59","1","61","1","22","92","75","116","39","26","35","15","25","69","58","NA","NA","NA","NA","NA","NM","NA","NA"
"3","Housing Choice Vouchers","3","N/A","NM New Mexico","35","15887","11108","70","11096","100","6","6","1.9","21296","396","795","15623","8140","5","6","6","43","16","10","6","5","3","21","2","72","23","99","95","75","3","28","11","19","17","69","71","28","10","58","47","75","62","35","61","2","37","22","39","2","70","7","4","1","30","1","57","1","59","1","17","108","81","125","39","34","27","25","23","66","53","NA","NA","NA","NA","NA","NM","NA","NA"
"3","Summary of All HUD Programs","1","N/A","NY New York","36","588668","516539","88","508554","98","6","6","1.9","986183","568","1545","23103","11914","2","5","7","32","14","10","7","9","15","30","7","61","20","99","95","81","4","22","9","15","14","74","73","22","7","39","30","50","44","27","51","1","31","19","49","6","78","35","0","5","21","10","23","5","38","6","39","189","55","135","43","34","23","23","27","72","16","NA","NA","NA","NA","NA","NY","NA","NA"
"3","Public Housing","2","N/A","NY New York","36","168527","153977","91","140407","91","7","4","2","281611","627","1226","26027","12977","2","6","9","26","12","9","7","10","20","34","9","55","21","99","93","78","2","26","9","16","14","72","76","25","8","39","27","54","44","30","55","2","32","21","45","5","91","41","1","6","9","12","30","2","43","4","29","278","6","93","28","46","26","31","34","85","7","NA","NA","NA","NA","NA","NY","NA","NA"
"3","Housing Choice Vouchers","3","N/A","NY New York","36","294244","247467","84","251335","100","6","7","2.1","528606","565","1643","22400","10651","3","5","7","32","14","10","7","9","14","31","7","59","19","99","96","82","5","24","11","18","17","70","74","24","7","46","31","67","51","28","57","1","35","21","43","5","75","36","0","2","25","11","23","2","36","9","40","148","74","158","41","32","27","22","25","68","19","NA","NA","NA","NA","NA","NY","NA","NA"
"3","Summary of All HUD Programs","1","N/A","NC North Carolina","37","128527","104659","81","104925","100","6","11","2.1","218435","386","782","16076","7722","5","10","6","37","16","10","5","6","5","24","0","70","22","99","95","76","2","37","17","24","18","60","79","37","16","38","31","50","41","21","62","3","43","16","38","2","76","70","1","1","23","1","2","1","4","1","21","98","77","158","34","34","32","23","23","58","57","NA","NA","NA","NA","NA","NC","NA","NA"
"3","Public Housing","2","N/A","NC North Carolina","37","22810","20345","89","19630","96","6","13","2.3","45346","359","662","16391","7096","8","13","7","34","12","8","5","7","7","30","0","62","23","98","91","75","3","46","24","29","21","51","80","45","22","34","25","58","38","18","72","5","51","16","28","1","84","76","2","1","16","1","3","0","4","1","21","100","37","131","30","33","37","18","29","65","58","NA","NA","NA","NA","NA","NC","NA","NA"
"3","Housing Choice Vouchers","3","N/A","NC North Carolina","37","73136","54738","75","55208","100","6","8","2.2","120595","420","844","16876","7726","6","8","6","36","16","10","6","7","5","27","0","67","22","99","96","76","1","39","16","26","22","59","82","39","15","44","34","65","48","24","66","2","45","19","34","2","79","74","1","0","21","1","2","0","4","1","21","106","92","179","23","39","38","33","20","55","58","NA","NA","NA","NA","NA","NC","NA","NA"
"3","Summary of All HUD Programs","1","N/A","ND North Dakota","38","14311","10528","74","11034","100","6","17","1.6","18126","380","611","16438","10007","7","8","6","32","19","12","7","6","4","20","1","72","19","100","98","83","2","22","12","15","10","75","65","22","10","51","49","53","52","34","63","5","40","18","37","3","27","10","11","1","72","0","3","1","5","3","12","72","68","94","49","36","15","23","14","21","45","NA","NA","NA","NA","NA","ND","NA","NA"
"3","Public Housing","2","N/A","ND North Dakota","38","1316","1119","85","1119","100","5","19","1.8","2065","401","520","20528","11124","8","8","6","26","16","10","6","9","11","31","2","59","23","99","92","76","4","25","13","17","13","71","59","25","11","37","32","46","40","23","64","6","40","18","36","3","32","10","16","2","68","0","3","0","4","2","14","67","38","106","60","19","21","8","18","22","49","NA","NA","NA","NA","NA","ND","NA","NA"
"3","Housing Choice Vouchers","3","N/A","ND North Dakota","38","10035","6976","70","7491","100","5","15","1.7","12367","399","643","16730","10134","6","6","5","33","20","12","8","6","3","19","1","73","20","100","98","83","2","22","12","15","10","76","68","22","10","54","51","58","56","36","62","4","40","18","38","4","25","11","9","1","75","0","4","0","4","3","11","74","82","95","43","41","16","30","13","20","44","NA","NA","NA","NA","NA","ND","NA","NA"
"3","Summary of All HUD Programs","1","N/A","OH Ohio","39","226712","198038","87","200005","100","6","12","1.9","384482","349","819","14046","7307","11","11","5","37","14","9","5","5","3","19","1","69","18","99","97","83","2","33","17","21","15","65","74","33","16","40","34","51","43","24","65","5","43","16","35","2","57","52","0","1","41","1","2","1","4","2","24","93","64","164","45","30","26","18","28","47","53","NA","NA","NA","NA","NA","OH","NA","NA"
"3","Public Housing","2","N/A","OH Ohio","39","31947","28684","90","27078","94","6","14","2.2","58332","315","875","14324","6649","14","15","7","31","10","7","5","6","6","25","1","59","19","99","94","81","3","41","21","27","17","56","74","41","20","37","28","66","41","21","76","6","53","17","24","1","60","54","0","0","40","1","4","0","6","2","21","94","53","133","40","28","32","14","34","50","51","NA","NA","NA","NA","NA","OH","NA","NA"
"3","Housing Choice Vouchers","3","N/A","OH Ohio","39","106780","88906","83","90710","100","6","8","2.1","194576","392","848","14713","6859","13","9","6","35","13","9","5","6","4","24","1","62","18","99","97","82","2","39","17","26","21","59","78","39","16","47","36","76","51","26","73","3","51","19","27","1","63","59","0","0","37","1","3","0","4","2","26","109","90","184","28","35","37","30","25","48","59","NA","NA","NA","NA","NA","OH","NA","NA"
"3","Summary of All HUD Programs","1","N/A","OK Oklahoma","40","54103","45878","85","45502","99","6","13","1.9","88377","334","692","14020","7218","8","13","6","38","15","9","5","4","2","19","1","72","21","99","96","79","3","32","16","21","15","65","73","32","14","45","37","60","49","27","65","5","43","17","35","2","52","38","7","1","46","1","4","1","6","5","13","78","82","130","44","29","27","18","26","53","64","NA","NA","NA","NA","NA","OK","NA","NA"
"3","Public Housing","2","N/A","OK Oklahoma","40","10047","9013","90","8765","97","6","19","1.8","15877","327","618","16421","9066","10","6","7","35","14","9","5","6","6","26","1","63","26","97","89","69","5","24","14","17","12","71","66","25","11","45","35","62","47","27","62","6","38","18","38","2","40","22","10","1","60","1","6","1","8","3","10","71","78","123","57","21","22","11","29","49","69","NA","NA","NA","NA","NA","OK","NA","NA"
"3","Housing Choice Vouchers","3","N/A","OK Oklahoma","40","29226","23586","81","23456","99","5","8","2.1","50007","362","745","14123","6625","8","12","6","38","15","9","5","5","2","19","1","72","19","100","98","82","2","38","17","25","20","60","78","37","15","50","39","76","56","28","70","3","48","19","30","1","63","52","6","1","37","1","3","1","5","5","16","90","90","144","32","33","35","26","25","58","63","NA","NA","NA","NA","NA","OK","NA","NA"
"3","Summary of All HUD Programs","1","N/A","OR Oregon","41","57559","50217","87","45677","91","7","9","1.8","82315","418","916","16406","9104","9","5","8","36","16","9","6","6","5","17","6","68","20","99","96","81","4","22","10","15","13","74","50","16","6","51","48","54","53","32","57","2","36","18","43","3","29","13","3","4","69","1","7","2","9","4","33","100","83","144","51","31","18","17","17","33","50","NA","NA","NA","NA","NA","OR","NA","NA"
"3","Public Housing","2","N/A","OR Oregon","41","2241","2112","94","1984","94","9","7","2","4051","450","873","19204","9405","7","4","8","35","16","8","5","7","10","22","5","66","25","98","91","73","5","25","9","18","16","70","66","23","7","56","48","68","60","33","60","2","39","20","40","2","23","6","3","2","76","0","11","1","12","3","26","133","71","121","49","24","27","12","16","28","57","NA","NA","NA","NA","NA","OR","NA","NA"
"3","Housing Choice Vouchers","3","N/A","OR Oregon","41","43247","37324","86","32598","87","7","9","1.9","62631","431","926","16397","8534","10","5","9","34","15","9","6","6","6","20","6","63","19","99","96","81","5","25","11","18","15","70","45","17","6","54","47","68","58","33","64","2","41","21","36","2","31","15","4","3","69","1","8","1","10","4","33","99","88","164","42","37","21","21","17","33","51","NA","NA","NA","NA","NA","OR","NA","NA"
"3","Summary of All HUD Programs","1","N/A","PA Pennsylvania","42","224531","193029","86","196250","100","7","10","1.8","361762","428","979","17924","9723","6","6","5","37","15","11","7","7","6","20","2","72","22","99","95","76","2","27","12","18","14","70","74","27","11","42","38","46","46","27","54","3","35","16","46","5","55","40","0","2","44","2","9","2","12","1","20","109","62","160","53","23","24","14","23","45","38","NA","NA","NA","NA","NA","PA","NA","NA"
"3","Public Housing","2","N/A","PA Pennsylvania","42","55144","50538","92","50067","99","7","10","1.9","94915","425","1020","19345","10204","6","6","5","37","14","10","6","8","9","24","2","68","25","98","91","73","3","27","13","18","14","70","71","27","11","48","40","59","51","30","59","3","37","19","41","3","57","40","0","1","43","2","14","1","16","1","17","119","35","115","50","23","28","16","26","47","37","NA","NA","NA","NA","NA","PA","NA","NA"
"3","Housing Choice Vouchers","3","N/A","PA Pennsylvania","42","100170","78218","78","80503","100","7","9","2.1","171474","463","1012","18177","8534","8","6","5","35","14","10","6","8","8","25","2","64","21","99","96","77","2","37","14","24","21","62","79","36","13","46","37","65","52","27","67","2","45","19","33","2","63","50","0","1","37","2","9","1","11","1","23","116","88","192","38","28","34","20","21","49","37","NA","NA","NA","NA","NA","PA","NA","NA"
"3","Summary of All HUD Programs","1","N/A","RI Rhode Island","44","38494","35246","92","35250","100","6","7","1.6","57770","502","1172","20789","12685","2","4","4","36","16","12","8","10","9","18","1","78","23","99","94","75","2","19","7","12","10","79","71","19","7","44","47","41","47","31","46","1","27","17","54","5","46","13","1","1","51","3","19","9","31","2","27","116","35","167","63","21","16","10","18","45","35","NA","NA","NA","NA","NA","RI","NA","NA"
"3","Public Housing","2","N/A","RI Rhode Island","44","8960","8672","97","8665","100","6","8","1.6","13914","504","642","22213","13833","2","4","4","34","16","11","7","10","12","18","1","78","25","99","92","73","2","15","7","11","9","82","65","16","6","45","48","43","48","32","42","1","24","17","58","6","47","11","1","1","53","4","30","1","34","1","20","117","9","184","71","14","16","7","20","48","32","NA","NA","NA","NA","NA","RI","NA","NA"
"3","Housing Choice Vouchers","3","N/A","RI Rhode Island","44","11590","9154","79","9260","100","5","4","2.2","20100","580","1352","21675","9986","5","5","5","31","12","10","7","10","13","32","3","61","23","99","93","75","2","37","13","24","22","60","83","38","12","46","37","67","53","28","72","2","48","22","28","1","53","18","1","1","47","3","28","1","33","2","41","125","78","210","28","36","35","23","17","47","36","NA","NA","NA","NA","NA","RI","NA","NA"
"3","Summary of All HUD Programs","1","N/A","SC South Carolina","45","63728","55836","88","52603","94","7","12","2.1","112056","376","816","15666","7354","4","15","7","33","14","9","6","7","5","27","1","68","22","99","94","74","1","43","21","27","20","55","82","43","20","31","25","45","34","17","67","4","48","15","33","2","81","79","0","0","17","1","1","0","2","1","17","94","91","148","33","34","33","20","23","58","58","NA","NA","NA","NA","NA","SC","NA","NA"
"3","Public Housing","2","N/A","SC South Carolina","45","11508","10117","88","9729","96","7","12","2.3","22544","380","713","17293","7463","3","16","9","31","13","8","6","8","8","34","1","61","25","98","90","71","1","48","24","30","21","51","84","48","23","31","22","53","33","15","73","5","52","16","27","1","86","84","0","0","14","0","1","0","1","1","17","106","90","122","31","30","39","16","26","58","58","NA","NA","NA","NA","NA","SC","NA","NA"
"3","Housing Choice Vouchers","3","N/A","SC South Carolina","45","30513","25614","84","22588","88","6","8","2.2","50510","427","810","16808","7517","6","10","7","31","15","10","7","8","5","30","1","63","23","99","94","73","1","45","18","29","25","54","85","44","17","37","28","60","40","19","70","2","51","17","30","1","86","84","0","0","14","1","1","0","2","1","17","103","97","185","19","40","42","35","22","58","59","NA","NA","NA","NA","NA","SC","NA","NA"
"3","Summary of All HUD Programs","1","N/A","SD South Dakota","46","14057","11083","79","11214","100","6","18","1.7","19112","374","618","16196","9503","5","8","6","34","20","11","7","6","3","18","1","75","21","99","97","80","3","24","12","15","12","73","66","24","11","48","48","49","50","31","60","5","37","17","40","3","32","5","21","1","66","0","3","1","4","3","13","72","47","121","59","25","15","12","15","24","56","NA","NA","NA","NA","NA","SD","NA","NA"
"3","Public Housing","2","N/A","SD South Dakota","46","1507","1347","89","1321","98","6","18","1.5","2028","431","503","21943","14293","5","4","4","26","17","12","9","12","11","27","1","67","30","98","86","61","3","15","7","12","9","82","61","16","6","43","43","43","44","30","52","6","30","16","48","6","31","2","24","1","69","-1","2","1","4","2","6","70","15","202","77","10","13","3","14","22","65","NA","NA","NA","NA","NA","SD","NA","NA"
"3","Housing Choice Vouchers","3","N/A","SD South Dakota","46","7216","5318","74","5416","100","6","15","1.9","10163","388","662","15909","8478","6","8","6","34","20","11","6","6","3","19","1","74","20","99","98","83","3","28","14","19","15","69","70","28","12","53","50","59","56","31","63","3","41","19","37","3","35","7","22","1","65","0","3","1","5","3","15","75","66","129","46","33","22","20","15","24","54","NA","NA","NA","NA","NA","SD","NA","NA"
"3","Summary of All HUD Programs","1","N/A","TN Tennessee","47","106452","91928","86","94276","100","6","14","2","191031","358","850","15104","7454","6","14","6","35","15","9","5","6","4","21","1","72","21","99","96","78","2","36","18","23","17","61","77","36","17","36","31","47","39","21","64","5","43","16","36","2","56","54","0","0","43","1","1","0","2","1","21","84","66","141","41","32","27","17","25","49","55","NA","NA","NA","NA","NA","TN","NA","NA"
"3","Public Housing","2","N/A","TN Tennessee","47","17646","16209","92","16141","100","6","15","2.1","34147","376","614","17506","8275","3","12","7","34","14","9","6","8","7","29","2","66","26","98","89","69","5","36","21","23","15","59","77","37","18","36","31","48","39","20","68","6","44","17","32","1","38","36","0","0","62","0","1","0","2","1","17","88","50","97","38","33","30","16","26","36","61","NA","NA","NA","NA","NA","TN","NA","NA"
"3","Housing Choice Vouchers","3","N/A","TN Tennessee","47","42452","34404","81","36054","100","6","9","2.4","84788","401","1015","15966","6789","9","12","7","31","14","9","6","8","5","26","1","64","20","99","96","78","2","47","19","31","25","52","83","46","18","39","29","68","44","21","75","3","55","17","25","1","73","70","0","0","27","1","1","0","2","1","24","100","93","168","21","37","41","29","23","56","58","NA","NA","NA","NA","NA","TN","NA","NA"
"3","Summary of All HUD Programs","1","N/A","TX Texas","48","288627","248565","86","255112","100","6","10","2.3","575087","412","1009","16659","7390","5","10","8","35","14","9","6","7","6","28","1","66","21","99","95","78","3","39","18","27","21","58","79","39","16","38","27","56","43","21","65","4","45","16","35","3","83","46","0","2","16","1","32","2","34","1","19","99","85","160","38","30","32","16","23","73","57","NA","NA","NA","NA","NA","TX","NA","NA"
"3","Public Housing","2","N/A","TX Texas","48","38317","35613","93","34973","98","8","17","2.2","76722","369","654","17486","7971","2","9","10","35","14","9","6","7","7","33","1","63","25","98","92","74","4","38","20","26","17","58","76","39","18","37","26","58","41","20","65","5","44","15","35","2","74","31","0","1","26","1","41","0","42","1","14","84","71","109","41","30","28","11","25","68","61","NA","NA","NA","NA","NA","TX","NA","NA"
"3","Housing Choice Vouchers","3","N/A","TX Texas","48","182966","150345","82","156869","100","6","7","2.4","376445","455","1154","17636","7349","6","9","8","33","13","10","6","8","7","31","0","63","22","99","95","76","3","42","18","29","25","55","82","43","16","42","29","71","49","23","70","2","50","18","30","2","87","56","0","1","13","1","28","0","30","1","21","111","92","186","31","32","37","21","21","73","58","NA","NA","NA","NA","NA","TX","NA","NA"
"3","Summary of All HUD Programs","1","N/A","UT Utah","49","20331","17485","86","16355","94","5","13","1.8","28839","414","829","16664","9450","6","6","6","36","18","11","6","6","5","19","1","73","18","100","98","86","3","22","11","16","12","74","67","22","9","56","56","56","58","36","59","3","38","18","41","2","27","6","2","3","72","0","13","2","16","1","25","83","69","109","53","28","19","18","14","37","44","NA","NA","NA","NA","NA","UT","NA","NA"
"3","Public Housing","2","N/A","UT Utah","49","1128","1072","95","920","86","6","14","2.1","1912","428","490","18819","9055","8","5","8","32","13","9","7","8","9","30","1","60","20","99","95","80","2","35","16","24","16","63","74","33","14","45","36","58","48","25","59","2","42","15","41","3","31","4","1","2","69","0","23","0","23","1","31","78","61","109","53","19","28","6","17","38","42","NA","NA","NA","NA","NA","UT","NA","NA"
"3","Housing Choice Vouchers","3","N/A","UT Utah","49","14134","11662","83","10558","91","5","12","1.9","19882","436","871","16991","9023","7","5","5","36","17","11","6","7","5","21","1","70","18","100","98","86","4","24","11","18","15","72","67","24","8","64","59","74","67","39","66","2","43","20","34","1","27","7","2","3","73","0","14","1","15","1","25","84","80","120","44","31","25","24","14","38","43","NA","NA","NA","NA","NA","UT","NA","NA"
"3","Summary of All HUD Programs","1","N/A","VT Vermont","50","13563","11196","83","11937","100","5","9","1.7","20518","478","1007","19845","11546","2","2","6","35","19","13","8","9","7","16","6","75","22","99","97","79","5","20","10","15","11","75","67","21","8","56","59","53","59","37","54","2","35","17","46","4","11","6","2","2","88","0","1","0","2","2","16","102","46","115","61","25","14","10","14","14","50","NA","NA","NA","NA","NA","VT","NA","NA"
"3","Public Housing","2","N/A","VT Vermont","50","421","409","97","409","100","5","11","1.4","555","445","366","19680","14503","1","3","4","40","20","10","7","8","7","10","2","87","24","99","94","78","3","7","3","6","5","90","58","8","2","58","80","44","59","46","41","1","22","18","59","5","3","2","-1","0","97","0","-1","-1","0","0","10","100","-1","-1","87","5","8","2","16","12","43","NA","NA","NA","NA","NA","VT","NA","NA"
"3","Housing Choice Vouchers","3","N/A","VT Vermont","50","9442","7308","77","8011","100","5","8","1.9","15157","488","1069","19821","10476","3","2","7","36","17","12","7","8","8","19","7","70","21","99","97","81","6","25","12","18","14","70","67","26","9","62","57","72","66","39","65","2","43","20","35","2","14","8","2","2","86","0","2","0","2","2","17","105","59","116","52","30","18","11","14","15","48","NA","NA","NA","NA","NA","VT","NA","NA"
"3","Summary of All HUD Programs","1","N/A","VA Virginia","51","107467","92877","86","92754","100","6","9","2.1","192380","445","1054","18384","8864","4","10","7","33","14","9","6","8","9","28","1","66","20","99","96","79","3","35","16","23","18","62","78","35","14","36","30","47","40","21","63","3","43","17","37","3","75","67","0","3","23","1","2","1","4","1","25","122","76","167","35","36","29","22","20","60","47","NA","NA","NA","NA","NA","VA","NA","NA"
"3","Public Housing","2","N/A","VA Virginia","51","12535","11155","89","10995","99","6","12","2.2","24316","372","937","16273","7358","4","19","8","31","11","7","5","7","7","29","2","64","20","99","94","80","2","45","22","28","20","53","80","44","20","36","26","63","40","20","74","5","53","16","26","1","79","75","0","1","21","1","1","0","2","2","20","103","32","143","33","36","31","16","35","69","43","NA","NA","NA","NA","NA","VA","NA","NA"
"3","Housing Choice Vouchers","3","N/A","VA Virginia","51","61137","50810","83","50599","100","6","7","2.2","112635","505","1086","20330","9133","4","8","7","31","13","9","7","10","12","34","1","61","21","99","94","76","3","38","14","25","23","59","81","38","13","43","33","67","49","24","69","2","48","20","31","2","80","74","0","2","20","1","3","0","4","1","27","142","87","200","24","40","36","30","17","59","47","NA","NA","NA","NA","NA","VA","NA","NA"
"3","Summary of All HUD Programs","1","N/A","WA Washington","53","96312","86484","90","88819","100","7","8","1.9","169310","458","1164","18922","9927","6","3","10","37","16","9","5","6","9","19","7","68","18","99","96","85","4","22","10","16","14","73","66","23","7","52","48","56","54","31","56","2","35","19","44","4","44","23","3","10","55","1","6","1","8","4","15","130","76","129","54","28","19","12","16","44","42","NA","NA","NA","NA","NA","WA","NA","NA"
"3","Public Housing","2","N/A","WA Washington","53","9848","9306","94","9300","100","7","7","1.8","17064","477","908","20455","11148","2","3","8","40","17","8","5","6","11","22","4","71","18","99","96","86","5","16","7","13","13","79","63","17","5","47","44","50","49","29","45","1","26","18","55","5","56","26","2","16","44","1","10","1","12","2","29","136","82","84","66","18","16","6","15","49","38","NA","NA","NA","NA","NA","WA","NA","NA"
"3","Housing Choice Vouchers","3","N/A","WA Washington","53","68089","60329","89","62542","100","7","8","2.1","128807","476","1241","19485","9461","7","3","10","34","14","9","5","6","11","22","8","63","18","99","96","84","5","27","12","20","17","68","68","27","9","56","47","72","60","32","65","2","42","21","35","2","45","26","3","8","55","1","6","1","8","4","14","137","80","147","45","33","22","15","15","44","44","NA","NA","NA","NA","NA","WA","NA","NA"
"3","Summary of All HUD Programs","1","N/A","WV West Virginia","54","34674","30734","89","29889","97","6","16","1.7","51217","352","594","14522","8475","7","9","6","41","16","10","5","4","2","20","1","73","24","99","95","72","3","24","13","15","10","73","69","24","11","45","41","51","46","28","62","5","37","20","38","2","16","14","0","0","83","0","1","0","1","1","10","76","74","170","50","30","20","20","24","15","64","NA","NA","NA","NA","NA","WV","NA","NA"
"3","Public Housing","2","N/A","WV West Virginia","54","6303","5974","95","5865","98","6","18","1.8","10754","352","463","16805","9165","8","8","7","36","14","9","6","6","6","28","1","62","27","97","89","68","4","27","15","16","11","69","67","26","12","38","33","50","40","23","68","7","40","20","32","1","22","20","0","0","78","0","1","0","1","2","11","78","57","120","55","22","22","11","26","19","65","NA","NA","NA","NA","NA","WV","NA","NA"
"3","Housing Choice Vouchers","3","N/A","WV West Virginia","54","16329","13890","85","13434","97","6","14","1.9","24922","369","590","13940","7514","9","7","7","41","16","10","5","4","1","21","1","68","23","100","96","74","3","29","14","18","14","68","74","29","12","48","41","64","50","29","70","4","43","23","30","1","16","15","0","0","84","0","1","0","1","1","10","78","90","221","31","42","27","34","22","14","67","NA","NA","NA","NA","NA","WV","NA","NA"
"3","Summary of All HUD Programs","1","N/A","WI Wisconsin","55","78710","68005","86","68651","100","6","11","1.7","114611","413","668","17445","10450","4","6","4","37","19","12","7","6","4","17","1","78","22","99","97","79","2","23","11","15","11","75","70","23","10","48","48","47","50","32","54","3","34","16","46","3","42","33","1","1","55","1","4","1","6","1","21","89","69","110","59","25","17","14","18","36","49","NA","NA","NA","NA","NA","WI","NA","NA"
"3","Public Housing","2","N/A","WI Wisconsin","55","9833","9383","95","9347","100","6","12","1.8","16442","443","430","21073","11979","3","6","4","32","17","11","8","8","10","25","0","71","26","98","91","70","3","24","11","17","13","73","66","24","10","45","43","47","48","29","58","3","38","17","42","3","37","29","1","2","63","0","3","0","4","1","22","93","29","135","63","17","20","8","20","30","48","NA","NA","NA","NA","NA","WI","NA","NA"
"3","Housing Choice Vouchers","3","N/A","WI Wisconsin","55","34963","27752","79","28060","100","6","7","1.9","54390","436","740","17409","8981","7","6","5","35","18","11","8","7","5","21","1","71","20","99","97","80","2","32","14","21","17","67","76","31","13","52","44","66","57","33","64","3","43","19","36","2","54","45","1","1","46","1","5","0","7","2","21","97","86","128","38","36","26","26","19","43","49","NA","NA","NA","NA","NA","WI","NA","NA"
"3","Summary of All HUD Programs","1","N/A","WY Wyoming","56","5809","5205","90","5359","100","6","19","1.6","8727","411","665","17332","10643","4","6","6","33","20","13","8","7","3","20","1","75","23","99","97","75","3","22","12","14","10","74","70","23","10","48","49","46","49","32","55","5","34","15","45","4","20","4","3","1","77","0","10","2","12","2","10","67","64","125","44","38","18","28","14","21","61","NA","NA","NA","NA","NA","WY","NA","NA"
"3","Public Housing","2","N/A","WY Wyoming","56","638","607","95","607","100","6","20","2","1191","468","528","21991","11208","4","4","5","27","17","11","8","12","11","31","1","63","27","98","89","65","5","30","15","20","17","65","70","30","10","42","41","43","44","25","61","3","43","15","39","4","26","5","1","2","74","0","16","1","18","3","8","74","73","171","44","17","39","23","13","22","62","NA","NA","NA","NA","NA","WY","NA","NA"
"3","Housing Choice Vouchers","3","N/A","WY Wyoming","56","2769","2532","91","2614","100","5","17","1.6","4263","451","693","17978","11024","3","3","5","34","21","14","8","7","3","19","1","78","23","99","98","75","3","21","10","15","11","76","72","22","9","57","56","58","59","38","54","3","34","18","46","2","22","5","3","1","78","1","12","1","13","2","10","73","81","128","32","45","23","42","13","23","61","NA","NA","NA","NA","NA","WY","NA","NA"
"3","Summary of All HUD Programs","1","N/A","GU Guam","66","3474","3314","95","3270","99","6","10","4.1","13328","495","1517","21199","5201","3","19","9","9","13","12","10","13","13","61","5","32","22","97","91","69","28","42","36","51","38","29","79","59","26","14","10","36","17","4","83","3","63","18","17","1","99","1","0","98","1","-1","0","0","0","3","25","99","90","402","16","24","61","6","0","0","0","NA","NA","NA","NA","NA","GU","NA","NA"
"3","Public Housing","2","N/A","GU Guam","66","750","687","92","687","100","6","16","4.2","2883","448","1040","19084","4547","6","19","10","10","14","11","8","11","11","60","6","28","20","100","95","77","20","55","43","55","35","25","81","63","31","12","7","38","14","4","84","4","65","15","16","1","99","1","0","98","1","-1","-1","-1","0","4","31","79","100","387","14","20","66","6","0","0","0","NA","NA","NA","NA","NA","GU","NA","NA"
"3","Housing Choice Vouchers","3","N/A","GU Guam","66","2675","2579","96","2534","98","6","9","4.1","10392","512","1649","21955","5354","2","19","8","8","13","12","10","14","14","62","4","32","22","98","92","68","31","40","35","51","39","29","79","60","25","14","10","33","16","4","85","3","63","19","15","1","99","0","0","98","1","-1","0","1","1","2","22","104","89","407","15","25","60","6","0","0","0","NA","NA","NA","NA","NA","GU","NA","NA"
"3","Summary of All HUD Programs","1","N/A","MP Northern Mariana Islands","69","492","465","94","537","100","8","4","4.3","2323","222","1105","9626","2225","2","44","9","21","8","9","4","2","1","33","-1","65","-1","-1","-1","-1","29","50","37","54","49","20","82","69","25","11","8","31","18","5","88","3","66","19","12","1","99","0","-1","99","1","-1","0","0","0","6","40","99","100","186","8","38","53","5","-1","-1","-1","NA","NA","NA","NA","NA","MP","NA","NA"
"3","Housing Choice Vouchers","3","N/A","MP Northern Mariana Islands","69","374","351","94","417","100","8","2","4.3","1793","213","1072","9217","2144","2","46","8","21","7","9","4","2","1","33","-1","66","-1","-1","-1","-1","28","54","39","56","50","18","84","72","28","10","8","29","15","4","92","3","71","18","8","0","99","0","-1","99","1","-1","0","-1","0","6","40","94","100","183","11","43","47","0","-1","-1","-1","NA","NA","NA","NA","NA","MP","NA","NA"
"3","Summary of All HUD Programs","1","N/A","PR Puerto Rico","72","107040","96144","90","95924","100","6","9","2","193173","161","757","7270","3610","20","33","17","14","7","5","2","1","0","24","7","48","25","94","82","65","3","36","15","22","17","60","81","38","14","12","7","21","14","7","71","5","50","16","29","2","99","0","0","0","0","13","81","6","99","0","12","164","97","82","25","30","45","31","50","99","51","NA","NA","NA","NA","NA","PR","NA","NA"
"3","Public Housing","2","N/A","PR Puerto Rico","72","52850","49243","93","49124","100","6","8","2","96818","137","815","6354","3224","32","30","12","11","6","5","2","2","1","22","8","38","22","94","83","70","3","35","16","20","15","62","78","36","15","12","7","28","15","8","76","8","51","17","24","1","100","0","0","0","0","18","82","0","100","0","10","205","100","59","17","36","46","41","54","99","48","NA","NA","NA","NA","NA","PR","NA","NA"
"3","Housing Choice Vouchers","3","N/A","PR Puerto Rico","72","33878","28087","83","27586","98","6","8","2.1","59256","179","642","7678","3574","10","38","21","16","7","5","2","1","0","31","6","52","25","96","84","63","4","38","12","24","22","58","86","40","11","13","9","25","16","8","72","2","52","18","28","1","100","0","0","0","0","7","91","1","100","1","14","126","91","104","28","25","47","24","46","99","57","NA","NA","NA","NA","NA","PR","NA","NA"
"3","Summary of All HUD Programs","1","N/A","VI U.S. Virgin Islands","78","6191","4489","73","4377","98","6","10","2.2","9815","391","1340","17216","7677","3","29","14","13","8","7","6","11","10","42","5","50","24","96","85","66","2","42","19","27","21","56","79","41","18","12","9","19","14","6","67","5","47","16","33","3","98","77","0","0","1","18","1","2","20","0","25","146","99","212","25","33","42","26","0","0","0","NA","NA","NA","NA","NA","VI","NA","NA"
"3","Public Housing","2","N/A","VI U.S. Virgin Islands","78","2211","1763","80","1761","100","5","5","2.1","3779","437","1539","20041","9339","2","26","14","13","8","7","6","12","14","42","6","49","28","95","82","64","2","35","14","22","19","63","75","33","13","17","12","26","20","10","61","3","40","19","39","3","100","85","-1","-1","0","14","0","0","15","0","24","202","100","182","26","32","41","30","0","0","0","NA","NA","NA","NA","NA","VI","NA","NA"
"3","Housing Choice Vouchers","3","N/A","VI U.S. Virgin Islands","78","2161","1360","63","1132","83","5","4","2.4","2695","497","917","20597","8652","0","20","13","13","10","8","9","15","13","51","3","46","28","98","84","58","1","51","19","33","27","48","87","50","18","7","6","11","9","4","73","2","56","14","27","3","99","84","0","0","1","14","0","0","14","0","27","111","97","302","27","36","37","19","0","0","0","NA","NA","NA","NA","NA","VI","NA","NA"
"3","Summary of All HUD Programs","1","N/A","XX Missing","XX","85","76","89","173","100","8","18","2","341","667","1273","25158","12763","2","9","2","19","12","12","14","14","16","49","2","38","-1","-1","-1","-1","2","37","18","23","15","59","71","35","16","18","9","42","18","10","70","16","46","10","28","1","62","51","1","3","25","2","2","3","8","2","-1","2180","80","141","39","35","27","16","-1","-1","-1","NA","NA","NA","NA","NA","XX","NA","NA"